{
"lengthUnit": "mil",
"components": {
	"fields": ["COMPONENT_NO", "COMPONENT_NAME", "LAYER", "X_COORDINATE", "Y_COORDINATE", "ANGLE"],
	"rows": [
		[1, "9", "T", 2255, -945, 90],
		[2, "BUZ/1", "T", 1030, -445, 90],
		[3, "C1", "T", 364.09, -466.73, 90],
		[4, "C2", "T", 604.19, -615.98, 90],
		[5, "C13", "T", 2254.89, -1092.89, 180],
		[6, "C14", "T", 1579.39, -269.79, 180],
		[7, "C15", "T", 1579.39, -344.79, 180],
		[8, "C16", "T", 1530.39, -1093.11, 0],
		[9, "C17", "T", 1579.39, -629.96, 180],
		[10, "D1", "T", 795, -170, 90],
		[11, "EN", "T", 1530.7, -945, 90],
		[12, "K1", "T", 393.7, -978.6, 0],
		[13, "K2", "T", 1143.7, -978.45, 0],
		[14, "K3", "T", 1893.7, -978.45, 0],
		[15, "K4", "T", 2643.7, -978.45, 0],
		[16, "K5", "T", 3393.7, -978.45, 0],
		[17, "L1", "T", 475, -615, 180],
		[18, "LED/10", "T", 3520, -40, 0],
		[19, "OLED", "T", 2271.34, -451.4, 0],
		[20, "Q1", "T", 1270, -334.85, 0],
		[21, "Q2", "T", 2934.25, -311.02, 270],
		[22, "Q3", "T", 2934.25, -611.02, 270],
		[23, "R1", "T", 793.84, -281.65, 180],
		[24, "R2", "T", 793.84, -58.34, 180],
		[25, "R3", "T", 674.09, -464.54, 270],
		[26, "R4", "T", 604.09, -464.54, 270],
		[27, "R5", "T", 1530.7, -1161.57, 0],
		[28, "R6", "T", 2255.2, -1161.57, 180],
		[29, "R7", "T", 75, -759.33, 270],
		[30, "R8", "T", 3075, -759.33, 270],
		[31, "R9", "T", 3519.84, -111.86, 0],
		[32, "R10", "T", 1270, -493.74, 90],
		[33, "R11", "T", 825, -759.33, 270],
		[34, "R12", "T", 1575, -759.33, 270],
		[35, "R13", "T", 2325, -759.33, 270],
		[36, "R14", "T", 1579.69, -480.07, 0],
		[37, "R15", "T", 1579.69, -555.07, 180],
		[38, "R16", "T", 2934.25, -501.02, 0],
		[39, "R17", "T", 2933.91, -420.68, 0],
		[40, "R18", "T", 3405, -505, 0],
		[41, "R19", "T", 3405, -385, 0],
		[42, "S", "T", 3240, -192.9, 180],
		[43, "TP4056", "B", 100, -1125, 90],
		[44, "U1", "T", 1950.48, -433.07, 0],
		[45, "U2", "T", 485, -470, 180],
		[46, "U3", "T", 3175, -460, 90],
		[47, "USART-DEBUG", "T", 3590.5, -455, 90],
		[48, "USB", "T", 477.13, -196.85, 180]
	]
},
"pins": {
	"fields": ["PIN_NO", "PIN_NAME", "PIN_X", "PIN_Y", "LAYER", "PIN_TYPE", "NET_NAME", "NET_TYPE", "PAD_SHAPE", "PAD_SIZEX", "PAD_SIZEY", "HOLE_SIZE", "PAD_ANGLE"],
	"rows": [
		[1, "9_1", 2255, -1025.12, "T", "SMD", "GND", "GND", "R", 60.24, 53.54, 0, 90],
		[2, "9_2", 2255, -864.88, "T", "SMD", "9", "", "R", 60.24, 53.54, 0, 90],
		[3, "BUZ/1_1", 1030, -523.74, "T", "DIP", "3V3", "", "C", 70.87, 70.87, 39.37, 90],
		[4, "BUZ/1_1", 1030, -523.74, "B", "DIP", "3V3", "", "C", 70.87, 70.87, 39.37, 90],
		[5, "BUZ/1_2", 1030, -366.26, "T", "DIP", "$1N3334", "", "C", 70.87, 70.87, 39.37, 90],
		[6, "BUZ/1_2", 1030, -366.26, "B", "DIP", "$1N3334", "", "C", 70.87, 70.87, 39.37, 90],
		[7, "C1_1", 364.09, -494.29, "T", "SMD", "GND", "GND", "R", 31.5, 35.43, 0, 90],
		[8, "C1_2", 364.09, -439.17, "T", "SMD", "VB+", "", "R", 31.5, 35.43, 0, 90],
		[9, "C2_1", 604.19, -643.54, "T", "SMD", "3V3", "", "R", 31.5, 35.43, 0, 90],
		[10, "C2_2", 604.19, -588.42, "T", "SMD", "GND", "GND", "R", 31.5, 35.43, 0, 90],
		[11, "C13_1", 2282.45, -1092.89, "T", "SMD", "9", "", "R", 31.5, 35.43, 0, 180],
		[12, "C13_2", 2227.34, -1092.89, "T", "SMD", "GND", "GND", "R", 31.5, 35.43, 0, 180],
		[13, "C14_1", 1606.95, -269.79, "T", "SMD", "3V3", "", "R", 31.5, 35.43, 0, 180],
		[14, "C14_2", 1551.83, -269.79, "T", "SMD", "GND", "GND", "R", 31.5, 35.43, 0, 180],
		[15, "C15_1", 1606.95, -344.79, "T", "SMD", "3V3", "", "R", 31.5, 35.43, 0, 180],
		[16, "C15_2", 1551.83, -344.79, "T", "SMD", "GND", "GND", "R", 31.5, 35.43, 0, 180],
		[17, "C16_1", 1502.84, -1093.11, "T", "SMD", "EN", "", "R", 31.5, 35.43, 0, 0],
		[18, "C16_2", 1557.95, -1093.11, "T", "SMD", "GND", "GND", "R", 31.5, 35.43, 0, 0],
		[19, "C17_1", 1606.95, -629.96, "T", "SMD", "0", "", "R", 31.5, 35.43, 0, 180],
		[20, "C17_2", 1551.83, -629.96, "T", "SMD", "GND", "GND", "R", 31.5, 35.43, 0, 180],
		[21, "D1_1", 840.24, -207.4, "T", "SMD", "19/D+", "", "R", 20.95, 42.2, 0, 90],
		[22, "D1_2", 840.24, -170, "T", "SMD", "GND", "GND", "R", 20.95, 42.2, 0, 90],
		[23, "D1_3", 840.24, -132.6, "T", "SMD", "18/D-", "", "R", 20.95, 42.2, 0, 90],
		[24, "D1_4", 749.76, -132.6, "T", "SMD", "$1N10544", "", "R", 20.95, 42.2, 0, 90],
		[25, "D1_5", 749.76, -170, "T", "SMD", "5V", "", "R", 20.95, 42.2, 0, 90],
		[26, "D1_6", 749.76, -207.4, "T", "SMD", "$1N10543", "", "R", 20.95, 42.2, 0, 90],
		[27, "EN_1", 1530.7, -1025.12, "T", "SMD", "GND", "GND", "R", 60.24, 53.54, 0, 90],
		[28, "EN_2", 1530.7, -864.88, "T", "SMD", "EN", "", "R", 60.24, 53.54, 0, 90],
		[29, "K1_1", 393.7, -978.6, "T", "DIP", "GND", "GND", "C", 153.54, 153.54, 153.54, 0],
		[30, "K1_1", 393.7, -978.6, "B", "DIP", "GND", "GND", "C", 153.54, 153.54, 153.54, 0],
		[31, "K1_1", 543.7, -1078.6, "T", "DIP", "GND", "GND", "C", 75, 75, 47.24, 0],
		[32, "K1_1", 543.7, -1078.6, "B", "DIP", "GND", "GND", "C", 75, 75, 47.24, 0],
		[33, "K1_2", 293.7, -1179.39, "T", "DIP", "2", "", "C", 75, 75, 47.24, 0],
		[34, "K1_2", 293.7, -1179.39, "B", "DIP", "2", "", "C", 75, 75, 47.24, 0],
		[35, "K2_1", 1143.7, -978.45, "T", "DIP", "GND", "GND", "C", 153.54, 153.54, 153.54, 0],
		[36, "K2_1", 1143.7, -978.45, "B", "DIP", "GND", "GND", "C", 153.54, 153.54, 153.54, 0],
		[37, "K2_1", 1293.7, -1078.45, "T", "DIP", "GND", "GND", "C", 75, 75, 47.24, 0],
		[38, "K2_1", 1293.7, -1078.45, "B", "DIP", "GND", "GND", "C", 75, 75, 47.24, 0],
		[39, "K2_2", 1043.7, -1179.24, "T", "DIP", "3", "", "C", 75, 75, 47.24, 0],
		[40, "K2_2", 1043.7, -1179.24, "B", "DIP", "3", "", "C", 75, 75, 47.24, 0],
		[41, "K3_1", 1893.7, -978.45, "T", "DIP", "GND", "GND", "C", 153.54, 153.54, 153.54, 0],
		[42, "K3_1", 1893.7, -978.45, "B", "DIP", "GND", "GND", "C", 153.54, 153.54, 153.54, 0],
		[43, "K3_1", 2043.7, -1078.45, "T", "DIP", "GND", "GND", "C", 75, 75, 47.24, 0],
		[44, "K3_1", 2043.7, -1078.45, "B", "DIP", "GND", "GND", "C", 75, 75, 47.24, 0],
		[45, "K3_2", 1793.7, -1179.24, "T", "DIP", "4", "", "C", 75, 75, 47.24, 0],
		[46, "K3_2", 1793.7, -1179.24, "B", "DIP", "4", "", "C", 75, 75, 47.24, 0],
		[47, "K4_1", 2643.7, -978.45, "T", "DIP", "GND", "GND", "C", 153.54, 153.54, 153.54, 0],
		[48, "K4_1", 2643.7, -978.45, "B", "DIP", "GND", "GND", "C", 153.54, 153.54, 153.54, 0],
		[49, "K4_1", 2793.7, -1078.45, "T", "DIP", "GND", "GND", "C", 75, 75, 47.24, 0],
		[50, "K4_1", 2793.7, -1078.45, "B", "DIP", "GND", "GND", "C", 75, 75, 47.24, 0],
		[51, "K4_2", 2543.7, -1179.24, "T", "DIP", "5", "", "C", 75, 75, 47.24, 0],
		[52, "K4_2", 2543.7, -1179.24, "B", "DIP", "5", "", "C", 75, 75, 47.24, 0],
		[53, "K5_1", 3393.7, -978.45, "T", "DIP", "GND", "GND", "C", 153.54, 153.54, 153.54, 0],
		[54, "K5_1", 3393.7, -978.45, "B", "DIP", "GND", "GND", "C", 153.54, 153.54, 153.54, 0],
		[55, "K5_1", 3543.7, -1078.45, "T", "DIP", "GND", "GND", "C", 75, 75, 47.24, 0],
		[56, "K5_1", 3543.7, -1078.45, "B", "DIP", "GND", "GND", "C", 75, 75, 47.24, 0],
		[57, "K5_2", 3293.7, -1179.24, "T", "DIP", "8", "", "C", 75, 75, 47.24, 0],
		[58, "K5_2", 3293.7, -1179.24, "B", "DIP", "8", "", "C", 75, 75, 47.24, 0],
		[59, "L1_1", 421.85, -615, "T", "SMD", "$1N2103", "", "R", 51.18, 107.09, 0, 180],
		[60, "L1_2", 528.15, -615, "T", "SMD", "3V3", "", "R", 51.18, 107.09, 0, 180],
		[61, "LED/10_1", 3486.5, -40.4, "T", "SMD", "GND", "GND", "R", 31.5, 31.5, 0, 90],
		[62, "LED/10_2", 3549.5, -40.2, "T", "SMD", "$1N4043", "", "R", 31.5, 31.5, 0, 90],
		[63, "OLED_1", 2330.4, -601.01, "T", "DIP", "GND", "GND", "R", 66.93, 66.93, 39.37, 90],
		[64, "OLED_1", 2330.4, -601.01, "B", "DIP", "GND", "GND", "R", 66.93, 66.93, 39.37, 90],
		[65, "OLED_2", 2330.4, -501.01, "T", "DIP", "3V3", "", "C", 66.93, 66.93, 39.37, 90],
		[66, "OLED_2", 2330.4, -501.01, "B", "DIP", "3V3", "", "C", 66.93, 66.93, 39.37, 90],
		[67, "OLED_3", 2330.4, -401.01, "T", "DIP", "7", "", "C", 66.93, 66.93, 39.37, 90],
		[68, "OLED_3", 2330.4, -401.01, "B", "DIP", "7", "", "C", 66.93, 66.93, 39.37, 90],
		[69, "OLED_4", 2330.4, -301.01, "T", "DIP", "6", "", "C", 66.93, 66.93, 39.37, 90],
		[70, "OLED_4", 2330.4, -301.01, "B", "DIP", "6", "", "C", 66.93, 66.93, 39.37, 90],
		[71, "Q1_1", 1311.54, -372.45, "T", "SMD", "$1N3337", "", "R", 23.62, 35.83, 0, 90],
		[72, "Q1_2", 1311.54, -297.25, "T", "SMD", "GND", "GND", "R", 23.62, 35.83, 0, 90],
		[73, "Q1_3", 1228.46, -334.85, "T", "SMD", "$1N3334", "", "R", 23.62, 35.83, 0, 90],
		[74, "Q2_1", 2896.85, -350.01, "T", "SMD", "$1N9681", "", "R", 42.13, 20.95, 0, 270],
		[75, "Q2_2", 2971.65, -350.01, "T", "SMD", "$1N9677", "", "R", 42.13, 20.95, 0, 270],
		[76, "Q2_3", 2934.25, -272.04, "T", "SMD", "9", "", "R", 42.13, 20.95, 0, 270],
		[77, "Q3_1", 2896.85, -650.01, "T", "SMD", "$1N9678", "", "R", 42.13, 20.95, 0, 270],
		[78, "Q3_2", 2971.65, -650.01, "T", "SMD", "$1N9674", "", "R", 42.13, 20.95, 0, 270],
		[79, "Q3_3", 2934.25, -572.04, "T", "SMD", "EN", "", "R", 42.13, 20.95, 0, 270],
		[80, "R1_1", 823.5, -281.65, "T", "SMD", "GND", "GND", "R", 31.75, 34.02, 0, 180],
		[81, "R1_2", 764.18, -281.65, "T", "SMD", "$1N10539", "", "R", 31.75, 34.02, 0, 180],
		[82, "R2_1", 823.5, -58.34, "T", "SMD", "GND", "GND", "R", 31.75, 34.02, 0, 180],
		[83, "R2_2", 764.18, -58.34, "T", "SMD", "$1N10541", "", "R", 31.75, 34.02, 0, 180],
		[84, "R3_1", 674.09, -434.88, "T", "SMD", "$1N2105", "", "R", 31.75, 34.02, 0, 270],
		[85, "R3_2", 674.09, -494.2, "T", "SMD", "3V3", "", "R", 31.75, 34.02, 0, 270],
		[86, "R4_1", 604.09, -434.88, "T", "SMD", "$1N2105", "", "R", 31.75, 34.02, 0, 270],
		[87, "R4_2", 604.09, -494.2, "T", "SMD", "GND", "GND", "R", 31.75, 34.02, 0, 270],
		[88, "R5_1", 1501.04, -1161.57, "T", "SMD", "EN", "", "R", 31.75, 34.02, 0, 0],
		[89, "R5_2", 1560.36, -1161.57, "T", "SMD", "3V3", "", "R", 31.75, 34.02, 0, 0],
		[90, "R6_1", 2284.86, -1161.57, "T", "SMD", "9", "", "R", 31.75, 34.02, 0, 180],
		[91, "R6_2", 2225.54, -1161.57, "T", "SMD", "3V3", "", "R", 31.75, 34.02, 0, 180],
		[92, "R7_1", 75, -729.67, "T", "SMD", "3V3", "", "R", 31.75, 34.02, 0, 270],
		[93, "R7_2", 75, -788.99, "T", "SMD", "2", "", "R", 31.75, 34.02, 0, 270],
		[94, "R8_1", 3075, -729.67, "T", "SMD", "3V3", "", "R", 31.75, 34.02, 0, 270],
		[95, "R8_2", 3075, -788.99, "T", "SMD", "8", "", "R", 31.75, 34.02, 0, 270],
		[96, "R9_1", 3490.18, -111.86, "T", "SMD", "10", "", "R", 31.75, 34.02, 0, 0],
		[97, "R9_2", 3549.5, -111.86, "T", "SMD", "$1N4043", "", "R", 31.75, 34.02, 0, 0],
		[98, "R10_1", 1270, -533.11, "T", "SMD", "1", "", "R", 44.59, 54.21, 0, 90],
		[99, "R10_2", 1270, -454.37, "T", "SMD", "$1N3337", "", "R", 44.59, 54.21, 0, 90],
		[100, "R11_1", 825, -729.67, "T", "SMD", "3V3", "", "R", 31.75, 34.02, 0, 270],
		[101, "R11_2", 825, -788.99, "T", "SMD", "3", "", "R", 31.75, 34.02, 0, 270],
		[102, "R12_1", 1575, -729.67, "T", "SMD", "3V3", "", "R", 31.75, 34.02, 0, 270],
		[103, "R12_2", 1575, -788.99, "T", "SMD", "4", "", "R", 31.75, 34.02, 0, 270],
		[104, "R13_1", 2325, -729.67, "T", "SMD", "3V3", "", "R", 31.75, 34.02, 0, 270],
		[105, "R13_2", 2325, -788.99, "T", "SMD", "5", "", "R", 31.75, 34.02, 0, 270],
		[106, "R14_1", 1550.03, -480.07, "T", "SMD", "VB+", "", "R", 31.75, 34.02, 0, 0],
		[107, "R14_2", 1609.36, -480.07, "T", "SMD", "0", "", "R", 31.75, 34.02, 0, 0],
		[108, "R15_1", 1609.36, -555.07, "T", "SMD", "0", "", "R", 31.75, 34.02, 0, 180],
		[109, "R15_2", 1550.03, -555.07, "T", "SMD", "GND", "GND", "R", 31.75, 34.02, 0, 180],
		[110, "R16_1", 2904.59, -501.02, "T", "SMD", "$1N9681", "", "R", 31.75, 34.02, 0, 0],
		[111, "R16_2", 2963.91, -501.02, "T", "SMD", "$1N9674", "", "R", 31.75, 34.02, 0, 0],
		[112, "R17_1", 2904.25, -420.68, "T", "SMD", "$1N9678", "", "R", 31.75, 34.02, 0, 0],
		[113, "R17_2", 2963.57, -420.68, "T", "SMD", "$1N9677", "", "R", 31.75, 34.02, 0, 0],
		[114, "R18_1", 3375.34, -505, "T", "SMD", "GND", "GND", "R", 31.75, 34.02, 0, 0],
		[115, "R18_2", 3434.66, -505, "T", "SMD", "$1N10553", "", "R", 31.75, 34.02, 0, 0],
		[116, "R19_1", 3375.34, -385, "T", "SMD", "GND", "GND", "R", 31.75, 34.02, 0, 0],
		[117, "R19_2", 3434.66, -385, "T", "SMD", "$1N10555", "", "R", 31.75, 34.02, 0, 0],
		[118, "S_1", 3338.42, -192.9, "T", "SMD", "S_1", "", "R", 96.46, 47.24, 0, 270],
		[119, "S_2", 3240.01, -192.9, "T", "SMD", "5V_DEBUG", "", "R", 96.46, 47.24, 0, 270],
		[120, "S_3", 3141.58, -192.9, "T", "SMD", "VB+", "", "R", 96.46, 47.24, 0, 270],
		[121, "TP4056_1", 705, -1055, "B", "SMD", "5V", "", "P", 100, 100, 0, 90],
		[122, "TP4056_2", 165, -1055, "B", "SMD", "GND", "GND", "P", 100, 100, 0, 90],
		[123, "TP4056_3", 705, -155, "B", "SMD", "5V_DEBUG", "", "P", 100, 100, 0, 90],
		[124, "TP4056_4", 165, -155, "B", "SMD", "GND", "GND", "P", 100, 100, 0, 90],
		[125, "TP4056_5", 575, -155, "B", "SMD", "TP4056_5", "", "P", 100, 100, 0, 90],
		[126, "TP4056_6", 300, -155, "B", "SMD", "TP4056_6", "", "P", 100, 100, 0, 90],
		[127, "U1_1", 1718.2, -275.59, "T", "SMD", "GND", "GND", "R", 15.75, 31.5, 0, 90],
		[128, "U1_2", 1718.2, -307.09, "T", "SMD", "GND", "GND", "R", 15.75, 31.5, 0, 90],
		[129, "U1_3", 1718.2, -338.58, "T", "SMD", "3V3", "", "R", 15.75, 31.5, 0, 90],
		[130, "U1_4", 1718.2, -370.08, "T", "SMD", "U1_4", "", "R", 15.75, 31.5, 0, 90],
		[131, "U1_5", 1718.2, -401.57, "T", "SMD", "2", "", "R", 15.75, 31.5, 0, 90],
		[132, "U1_6", 1718.2, -433.07, "T", "SMD", "3", "", "R", 15.75, 31.5, 0, 90],
		[133, "U1_7", 1718.2, -464.57, "T", "SMD", "U1_7", "", "R", 15.75, 31.5, 0, 90],
		[134, "U1_8", 1718.2, -496.06, "T", "SMD", "EN", "", "R", 15.75, 31.5, 0, 90],
		[135, "U1_9", 1718.2, -527.56, "T", "SMD", "U1_9", "", "R", 15.75, 31.5, 0, 90],
		[136, "U1_10", 1718.2, -559.05, "T", "SMD", "U1_10", "", "R", 15.75, 31.5, 0, 90],
		[137, "U1_11", 1718.2, -590.55, "T", "SMD", "GND", "GND", "R", 15.75, 31.5, 0, 90],
		[138, "U1_12", 1761.5, -625.98, "T", "SMD", "0", "", "R", 15.75, 31.5, 0, 180],
		[139, "U1_13", 1793, -625.98, "T", "SMD", "1", "", "R", 15.75, 31.5, 0, 180],
		[140, "U1_14", 1824.5, -625.98, "T", "SMD", "GND", "GND", "R", 15.75, 31.5, 0, 180],
		[141, "U1_15", 1855.99, -625.98, "T", "SMD", "U1_15", "", "R", 15.75, 31.5, 0, 180],
		[142, "U1_16", 1887.49, -625.98, "T", "SMD", "10", "", "R", 15.75, 31.5, 0, 180],
		[143, "U1_17", 1918.98, -625.98, "T", "SMD", "U1_17", "", "R", 15.75, 31.5, 0, 180],
		[144, "U1_18", 1950.48, -625.98, "T", "SMD", "4", "", "R", 15.75, 31.5, 0, 180],
		[145, "U1_19", 1981.98, -625.98, "T", "SMD", "5", "", "R", 15.75, 31.5, 0, 180],
		[146, "U1_20", 2013.47, -625.98, "T", "SMD", "6", "", "R", 15.75, 31.5, 0, 180],
		[147, "U1_21", 2044.97, -625.98, "T", "SMD", "7", "", "R", 15.75, 31.5, 0, 180],
		[148, "U1_22", 2076.46, -625.98, "T", "SMD", "8", "", "R", 15.75, 31.5, 0, 180],
		[149, "U1_23", 2107.96, -625.98, "T", "SMD", "9", "", "R", 15.75, 31.5, 0, 180],
		[150, "U1_24", 2139.46, -625.98, "T", "SMD", "U1_24", "", "R", 15.75, 31.5, 0, 180],
		[151, "U1_25", 2182.76, -590.55, "T", "SMD", "U1_25", "", "R", 15.75, 31.5, 0, 270],
		[152, "U1_26", 2182.76, -559.05, "T", "SMD", "18/D-", "", "R", 15.75, 31.5, 0, 270],
		[153, "U1_27", 2182.76, -527.56, "T", "SMD", "19/D+", "", "R", 15.75, 31.5, 0, 270],
		[154, "U1_28", 2182.76, -496.06, "T", "SMD", "U1_28", "", "R", 15.75, 31.5, 0, 270],
		[155, "U1_29", 2182.76, -464.57, "T", "SMD", "U1_29", "", "R", 15.75, 31.5, 0, 270],
		[156, "U1_30", 2182.76, -433.07, "T", "SMD", "RX", "", "R", 15.75, 31.5, 0, 270],
		[157, "U1_31", 2182.76, -401.57, "T", "SMD", "TX", "", "R", 15.75, 31.5, 0, 270],
		[158, "U1_32", 2182.76, -370.08, "T", "SMD", "U1_32", "", "R", 15.75, 31.5, 0, 270],
		[159, "U1_33", 2182.76, -338.58, "T", "SMD", "U1_33", "", "R", 15.75, 31.5, 0, 270],
		[160, "U1_34", 2182.76, -307.09, "T", "SMD", "U1_34", "", "R", 15.75, 31.5, 0, 270],
		[161, "U1_35", 2182.76, -275.59, "T", "SMD", "U1_35", "", "R", 15.75, 31.5, 0, 270],
		[162, "U1_36", 2139.46, -240.16, "T", "SMD", "GND", "GND", "R", 15.75, 31.5, 0, 0],
		[163, "U1_37", 2107.96, -240.16, "T", "SMD", "GND", "GND", "R", 15.75, 31.5, 0, 0],
		[164, "U1_38", 2076.46, -240.16, "T", "SMD", "GND", "GND", "R", 15.75, 31.5, 0, 0],
		[165, "U1_39", 2044.97, -240.16, "T", "SMD", "GND", "GND", "R", 15.75, 31.5, 0, 0],
		[166, "U1_40", 2013.47, -240.16, "T", "SMD", "GND", "GND", "R", 15.75, 31.5, 0, 0],
		[167, "U1_41", 1981.98, -240.16, "T", "SMD", "GND", "GND", "R", 15.75, 31.5, 0, 0],
		[168, "U1_42", 1950.48, -240.16, "T", "SMD", "GND", "GND", "R", 15.75, 31.5, 0, 0],
		[169, "U1_43", 1918.98, -240.16, "T", "SMD", "GND", "GND", "R", 15.75, 31.5, 0, 0],
		[170, "U1_44", 1887.49, -240.16, "T", "SMD", "GND", "GND", "R", 15.75, 31.5, 0, 0],
		[171, "U1_45", 1855.99, -240.16, "T", "SMD", "GND", "GND", "R", 15.75, 31.5, 0, 0],
		[172, "U1_46", 1824.5, -240.16, "T", "SMD", "GND", "GND", "R", 15.75, 31.5, 0, 0],
		[173, "U1_47", 1793, -240.16, "T", "SMD", "GND", "GND", "R", 15.75, 31.5, 0, 0],
		[174, "U1_48", 1761.5, -240.16, "T", "SMD", "GND", "GND", "R", 15.75, 31.5, 0, 0],
		[175, "U1_49", 1872.72, -355.31, "T", "SMD", "GND", "GND", "P", 57.09, 57.09, 0, 0],
		[176, "U1_49", 2028.23, -510.83, "T", "SMD", "GND", "GND", "R", 57.09, 57.09, 0, 0],
		[177, "U1_49", 1950.48, -510.83, "T", "SMD", "GND", "GND", "R", 57.09, 57.09, 0, 0],
		[178, "U1_49", 1872.72, -510.83, "T", "SMD", "GND", "GND", "R", 57.09, 57.09, 0, 0],
		[179, "U1_49", 1872.72, -433.07, "T", "SMD", "GND", "GND", "R", 57.09, 57.09, 0, 0],
		[180, "U1_49", 1950.48, -355.32, "T", "SMD", "GND", "GND", "R", 57.09, 57.09, 0, 0],
		[181, "U1_49", 2028.23, -355.32, "T", "SMD", "GND", "GND", "R", 57.09, 57.09, 0, 0],
		[182, "U1_49", 2028.23, -433.07, "T", "SMD", "GND", "GND", "R", 57.09, 57.09, 0, 0],
		[183, "U1_49", 1950.48, -433.07, "T", "SMD", "GND", "GND", "R", 57.09, 57.09, 0, 0],
		[184, "U1_50", 2184.73, -238.19, "T", "SMD", "GND", "GND", "R", 27.56, 27.56, 0, 0],
		[185, "U1_51", 2184.73, -627.95, "T", "SMD", "GND", "GND", "R", 27.56, 27.56, 0, 0],
		[186, "U1_52", 1716.23, -627.95, "T", "SMD", "GND", "GND", "R", 27.56, 27.56, 0, 0],
		[187, "U1_53", 1716.23, -238.19, "T", "SMD", "GND", "GND", "R", 27.56, 27.56, 0, 0],
		[188, "U2_1", 433.82, -432.6, "T", "SMD", "VB+", "", "R", 43.31, 23.62, 0, 180],
		[189, "U2_2", 433.82, -470, "T", "SMD", "GND", "GND", "R", 43.31, 23.62, 0, 180],
		[190, "U2_3", 433.82, -507.4, "T", "SMD", "$1N2103", "", "R", 43.31, 23.62, 0, 180],
		[191, "U2_4", 536.18, -507.4, "T", "SMD", "VB+", "", "R", 43.31, 23.62, 0, 180],
		[192, "U2_5", 536.18, -432.6, "T", "SMD", "$1N2105", "", "R", 43.31, 23.62, 0, 180],
		[193, "U3_1", 3288.09, -635, "T", "SMD", "GND", "GND", "O", 22.05, 68.7, 0, 90],
		[194, "U3_2", 3288.09, -585, "T", "SMD", "RX", "", "O", 22.05, 68.7, 0, 90],
		[195, "U3_3", 3288.09, -535, "T", "SMD", "TX", "", "O", 22.05, 68.7, 0, 90],
		[196, "U3_4", 3288.09, -485, "T", "SMD", "3V3", "", "O", 22.05, 68.7, 0, 90],
		[197, "U3_5", 3288.09, -435, "T", "SMD", "UD+", "", "O", 22.05, 68.7, 0, 90],
		[198, "U3_6", 3288.09, -385, "T", "SMD", "UD-", "", "O", 22.05, 68.7, 0, 90],
		[199, "U3_7", 3288.09, -335, "T", "SMD", "U3_7", "", "O", 22.05, 68.7, 0, 90],
		[200, "U3_8", 3288.09, -285, "T", "SMD", "U3_8", "", "O", 22.05, 68.7, 0, 90],
		[201, "U3_9", 3061.91, -285, "T", "SMD", "U3_9", "", "O", 22.05, 68.7, 0, 90],
		[202, "U3_10", 3061.91, -335, "T", "SMD", "U3_10", "", "O", 22.05, 68.7, 0, 90],
		[203, "U3_11", 3061.91, -385, "T", "SMD", "U3_11", "", "O", 22.05, 68.7, 0, 90],
		[204, "U3_12", 3061.91, -435, "T", "SMD", "U3_12", "", "O", 22.05, 68.7, 0, 90],
		[205, "U3_13", 3061.91, -485, "T", "SMD", "$1N9677", "", "O", 22.05, 68.7, 0, 90],
		[206, "U3_14", 3061.91, -535, "T", "SMD", "$1N9674", "", "O", 22.05, 68.7, 0, 90],
		[207, "U3_15", 3061.91, -585, "T", "SMD", "U3_15", "", "O", 22.05, 68.7, 0, 90],
		[208, "U3_16", 3061.91, -635, "T", "SMD", "3V3", "", "O", 22.05, 68.7, 0, 90],
		[209, "USART-DEBUG_1", 3518.18, -660.24, "T", "SMD", "GND", "GND", "R", 47.24, 70.87, 0, 180],
		[210, "USART-DEBUG_2", 3518.18, -249.49, "T", "SMD", "GND", "GND", "R", 47.24, 70.87, 0, 180],
		[211, "USART-DEBUG_3", 3683.53, -660.24, "T", "SMD", "GND", "GND", "R", 59.06, 70.87, 0, 180],
		[212, "USART-DEBUG_4", 3683.53, -249.49, "T", "SMD", "GND", "GND", "R", 59.06, 70.87, 0, 180],
		[213, "USART-DEBUG_A1B12", 3495.51, -580.99, "T", "SMD", "GND", "GND", "R", 23.62, 47.24, 0, 90],
		[214, "USART-DEBUG_A4B9", 3495.51, -549.49, "T", "SMD", "5V_DEBUG", "", "R", 23.62, 47.24, 0, 90],
		[215, "USART-DEBUG_A5", 3495.51, -504.21, "T", "SMD", "$1N10553", "", "R", 11.81, 47.24, 0, 90],
		[216, "USART-DEBUG_A6", 3495.51, -464.84, "T", "SMD", "UD+", "", "R", 11.81, 47.24, 0, 90],
		[217, "USART-DEBUG_A7", 3495.51, -445.16, "T", "SMD", "UD-", "", "R", 11.81, 47.24, 0, 90],
		[218, "USART-DEBUG_A8", 3495.51, -405.79, "T", "SMD", "USART-DEBUG_A8", "", "R", 11.81, 47.24, 0, 90],
		[219, "USART-DEBUG_B1A12", 3495.51, -329.02, "T", "SMD", "GND", "GND", "R", 23.62, 47.24, 0, 90],
		[220, "USART-DEBUG_B4A9", 3495.51, -360.51, "T", "SMD", "5V_DEBUG", "", "R", 23.62, 47.24, 0, 90],
		[221, "USART-DEBUG_B5", 3495.51, -386.1, "T", "SMD", "$1N10555", "", "R", 11.81, 47.24, 0, 90],
		[222, "USART-DEBUG_B6", 3495.51, -425.47, "T", "SMD", "UD+", "", "R", 11.81, 47.24, 0, 90],
		[223, "USART-DEBUG_B7", 3495.51, -484.53, "T", "SMD", "UD-", "", "R", 11.81, 47.24, 0, 90],
		[224, "USART-DEBUG_B8", 3495.51, -523.9, "T", "SMD", "USART-DEBUG_B8", "", "R", 11.81, 47.24, 0, 90],
		[225, "USB_1", 682.36, -269.17, "T", "SMD", "GND", "GND", "R", 47.24, 70.87, 0, 270],
		[226, "USB_2", 271.61, -269.17, "T", "SMD", "GND", "GND", "R", 47.24, 70.87, 0, 270],
		[227, "USB_3", 682.36, -103.82, "T", "SMD", "GND", "GND", "R", 59.06, 70.87, 0, 270],
		[228, "USB_4", 271.61, -103.82, "T", "SMD", "GND", "GND", "R", 59.06, 70.87, 0, 270],
		[229, "USB_A1B12", 603.12, -291.84, "T", "SMD", "GND", "GND", "R", 23.62, 47.24, 0, 180],
		[230, "USB_A4B9", 571.62, -291.84, "T", "SMD", "5V", "", "R", 23.62, 47.24, 0, 180],
		[231, "USB_A5", 526.34, -291.84, "T", "SMD", "$1N10539", "", "R", 11.81, 47.24, 0, 180],
		[232, "USB_A6", 486.97, -291.84, "T", "SMD", "$1N10543", "", "R", 11.81, 47.24, 0, 180],
		[233, "USB_A7", 467.29, -291.84, "T", "SMD", "$1N10544", "", "R", 11.81, 47.24, 0, 180],
		[234, "USB_A8", 427.92, -291.84, "T", "SMD", "USB_A8", "", "R", 11.81, 47.24, 0, 180],
		[235, "USB_B1A12", 351.15, -291.84, "T", "SMD", "GND", "GND", "R", 23.62, 47.24, 0, 180],
		[236, "USB_B4A9", 382.64, -291.84, "T", "SMD", "5V", "", "R", 23.62, 47.24, 0, 180],
		[237, "USB_B5", 408.23, -291.84, "T", "SMD", "$1N10541", "", "R", 11.81, 47.24, 0, 180],
		[238, "USB_B6", 447.6, -291.84, "T", "SMD", "$1N10543", "", "R", 11.81, 47.24, 0, 180],
		[239, "USB_B7", 506.66, -291.84, "T", "SMD", "$1N10544", "", "R", 11.81, 47.24, 0, 180],
		[240, "USB_B8", 546.03, -291.84, "T", "SMD", "USB_B8", "", "R", 11.81, 47.24, 0, 180]
	]
}
}